id;full_name;phone;street;city;is_default
1;unknown snowplow;1-204-488-6253;Jeff Crescent;Rennerland;false
2;against so;732.247.8438 x3614;Grayson Ramp;North Darrel;true
3;cautiously;(860) 385-9472 x4340;Schiller Path;North Lexus;false
4;yowza;1-889-397-8962;Hilll Spring;Port Bell;false
5;sans without;509.659.7056 x7117;Josue Oval;New Dimitrichester;true
6;yieldingly seldom;(983) 781-0697 x8859;College Street;North Freidafield;true
7;provided out;(671) 473-2151 x33995;Shad Spurs;Amiramouth;false
8;doing devise;(786) 650-0186 x894;Crystal Mews;East Andy;true
9;huzzah quit;345-806-2714 x278;Tromp Ramp;Fort Josefachester;false
10;worth gah;539.589.1560 x271;Frederick Landing;New Annetta;true
